Alecia McKenzie ,amckenzie ,jamaica,,,,,,,,,
authorid,Title,Pubdate,Language,Publisher,City,Country,Pub_id,Genre,Translation,Length,Descriptor
amckenzie ,A Million Aunties,2020,English,Akashic Books,"Brooklyn, NY",United States,brooklyn_ny_united¬†states,Fiction(Novel),n,102,
amckenzie ,Doctor's orders,2005,English,Heinemann,"Portsmouth, NH",United States,portsmouth_nh_united_states,Fiction,n,107,
amckenzie ,When the rain stopped in Natland,1995,English,Longman,london,United Kingdom,london_united¬†kingdom,Fiction,n,95,
