Dany Laferrière,dlaferrière,haiti,,,,,,,,,
authorid,Title,Pubdate,Language,Publisher,City,Country,Pub_id,Genre,Translation,Length,Descriptor
dlaferrière,Why Must A Black Writer Write About Sex?,1994,English,Coach House Press,"Toronto, ON",Canada,toronto_on_canada,Fiction (Novel),y,198,
dlaferrière,Chronique De La Dérive Douce: Roman,2015,French,Éditions Grasset,Paris,France,paris_france,Fiction (Novel),n,187,
dlaferrière,Le Charme Des Après-Midi Sans Fin: Rècit,2011,French,Éditions du Rocher,Paris,France,paris_france,Fiction (Novel),n,296,
dlaferrière,Tout Bouge Autour De Moi,2017,French,Mémoire d'encrier,"Montréal, QC",Canada,montreãåal_qc_canada,Biography,n,163,
dlaferrière,Journal D'un U En Pyjama,2020,French,Mémoire d'encrier,"Montréal, QC",Canada,montreãåal_qc_canada,Biography,n,346,
dlaferrière,Le Goût Des Jeunes Filles: Roman,2019,French,Éditions Gallimard,Paris,France,paris_france,Fiction (Novel),n,381,
dlaferrière,Je Suis Un Écrivain Japonais : Roman,2018,French,Éditions Grasset,Paris,France,paris_france,Fiction (Novel),n,210,
dlaferrière,Comment Faire L'amour Avec Un Nègre Sans Se Fatiguer: Roman,2021,French,Le Serpent a Plumes Édition,Paris,France,paris_france,Fiction (Novel),n,165,
dlaferrière,Vers D'Autres Rives,2019,French,Collège Boréal,"Sudbury, ON",Canada,sudbury_on_canada,Fiction (Novel),n,106,
dlaferrière,L'Exil Vaut Le Voyage,2020,French,Éditions Grasset,Paris,France,paris_france,Fiction (Novel),n,403,
dlaferrière,Un Art De Vivre Par Temps De Catastrophe,2010,French,University of Alberta Press,Edmonton,Canada,,Biography,n,51,
dlaferrière,Le Serpent À Plumes Pour Haïti,2010,French,Éditions du Rocher,Paris,France,paris_france,Anthology,n,175,
dlaferrière,Je Suis Fou De Vava,2013,French,Les Éditions de la Bagnole,"Montréal, QC",Canada,montreãåal_qc_canada,Fiction (Novella),n,48,
dlaferrière,Le Baiser Mauve De Vava,2014,French,Les Éditions de la Bagnole,"Montréal, QC",Canada,montreãåal_qc_canada,Fiction (Novella),n,46,
dlaferrière,La Fête Des Morts,2019,French,Les Éditions de la Bagnole,"Montréal, QC",Canada,montreãåal_qc_canada,Fiction (Novella),n,44,
dlaferrière,Das Rätsel Rer Rückkehr Roman,2013,German,Wunderhorn,Heidelberg,Germany,,Fiction (Novel),y,298,
dlaferrière,Enigma Of The Return,2018,English,Maclehose Press,London,United Kingdom,london_united¬†kingdom,Fiction (Novel),y,279,
dlaferrière,How to make love to a negro a novel,1987,English,Coach House Books,"Toronto, ON",Canada,toronto_on_canada,Fiction (Novel),y,117,David Homel
dlaferrière,Sŭlp'ŭm i ch'um ch'unda,2011,Korean,Saenggak ŭi Namu, Sŏul,South Korea,,Fiction (Novel),y,392,
dlaferrière,The return,2011,English, Douglas & McIntyre,Vancouver,Canada,vancouver_bc_canada,Fiction (Novel),y,227,David Homel
dlaferrière,El enigma del regreso,2012,Spanish,Alianza Editorial,Madrid,Spain,madrid_spain,Fiction (Novel),y,313,
dlaferrière,Heading south,2009,English, Douglas & McIntyre,Vancouver,Canada,vancouver_bc_canada,Fiction (Novel),y,211,Wayne Grady
dlaferrière,Ka jugu,2007,Serbian,Laguna,Beograd,Serbia,beograd_serbia,Fiction (Novel),y,198,
dlaferrière,Vers le Sud : roman,2006,French, Boréal,"Montréal, QC",Canada,montreãåal_qc_canada,Fiction (Novel),n,250,
dlaferrière,I am a Japanese writer : a novel,2010,English, Douglas & McIntyre,Vancouver,Canada,vancouver_bc_canada,Fiction (Novel),y,182,David Homel
dlaferrière,Wagahai wa Nihon sakka de aru,2014,Japanese,Fujiwara Shoten,Tokyo,Japan,tokyo_japan,Fiction (Novel),y,285,Hidehiro Tachibana
dlaferrière,Sono uno scrittore giapponese,2019,Italian,66thand2nd,Roma,Italy,roma_italy,Fiction (Novel),y,189,Francesca Sala
dlaferrière,Dining with the dictator,1992,English,Coach House Books,"Toronto, ON",Canada,toronto_on_canada,Fiction (Novel),y,207,
dlaferrière,Pays sans chapeau : roman,1996,French,Lanctôt,"Montréal, QC",Canada,montreãåal_qc_canada,Fiction (Novel),n,221,
dlaferrière,Down among the dead men,1997,English, Douglas & McIntyre,Vancouver,Canada,vancouver_bc_canada,Fiction (Novel),y,212,David Homel
dlaferrière,Paese senza cappello,2015,Italian, Nottetempo,Roma,Italy,roma_italy,Fiction (Novel),y,265,Cinzia Poli
dlaferrière,Drifting year.,1997,English, Douglas & McIntyre,"Toronto, ON",Canada,toronto_on_canada,Fiction (Novel),y,118,
dlaferrière,Amai hyoryu,2014,Japanese,Fujiwarashoten,Tokyo,Japan,tokyo_japan,Fiction (Novel),y,325,
dlaferrière,L'odeur du café : récit,1999,French,VLB éditeur,"Montréal, QC",Canada,montreãåal_qc_canada,Fiction (Novel),n,222,
dlaferrière,An aroma of coffee,1993,English,Coach House Press,"Toronto, ON",Canada,toronto_on_canada,Fiction (Novel),y,171,
dlaferrière,Cette grenade dans la main du jeune Nègre est-elle une arme ou un fruit? : Roman,1993,French,VLB éditeur,"Montréal, QC",Canada,montreãåal_qc_canada,Fiction (Novel),n,200,
dlaferrière,Esta granada en manos del joven negro es un arma o una fruta?,2004,Spanish ,El Cobre Ediciones,Barcelona,Spain,,Fiction (Novel),y,392,Manuel Serrat Crespo
dlaferrière,Come diventare famosi senza far fatica,2004,Italian,La Tartaruga Edizioni,Milano,Italy,milano_italy,Fiction (Novel),y,342,Cecilia Bagnoli
dlaferrière,Éroshima : roman,1987,French,VLB éditeur,"Montréal, QC",Canada,montreãåal_qc_canada,Fiction (Novel),n,168,
dlaferrière,Eroshima : a novel,1991,English,Coach House Press,"Toronto, ON",Canada,toronto_on_canada,Fiction (Novel),y,87,David Homel
dlaferrière,Eroshima,1992,Dutch,Goossens,Rijswijk,Netherlands,rijswijk_netherlands,Fiction (Novel),y,124,Chris Van de Poel
dlaferrière,Eroshima,2018,Japanese,Fujiwarashoten,Tokyo,Japan,tokyo_japan,Fiction (Novel),y,194,Hidehiro Tachibana
dlaferrière,Le cri des oiseaux fous : roman,2000,French,Lanctôt,"Montréal, QC",Canada,montreãåal_qc_canada,Fiction (Novel),n,318,
dlaferrière,La chair du maître,1997,French,Lanctôt,"Montréal, QC",Canada,montreãåal_qc_canada,Fiction (Novel),n,311,
dlaferrière,Verso il Sud,2006,Italian,La Tartaruga Edizioni,Milano,Italy,milano_italy,Fiction (Novel),y,319,Vincenzo Latronico
dlaferrière,Hē sarka tou aphentē,2006,Greek,Ekdoseis Arga,Athēna,Greece,athena_greece,Fiction (Novel),y,371,Argyrō Makarōph
dlaferrière,L'art presque perdu de ne rien faire,2011,French,Boréal,"Montréal, QC",Canada,montreãåal_qc_canada,Biography,n,389,
dlaferrière,L'arte ormai perduta del dolce far niente,2016,Italian,66thand2nd,Roma,Italy,roma_italy,Biography,y,385,
dlaferrière,Ji hu xiao shi de tou xian yi shu,2017,Chinese,Hai tian chu ban she,Shen zhen ,China,,Biography,y,324,