Eddie Vega ,evega,cuba,,,,,,,,,
authorid,Title,Pubdate,Language,Publisher,City,Country,Pub_id,Genre,Translation,Length,Descriptor
evega,Metropolis: New Revised Edition,2014,English,Noir Nation Books,"New York, NY",United States,new_york_ny_united_states,Fiction,n,228,"        
Thea Von Harbou (Author)"
evega,Noir Nation: International Crime Fiction No. 1,2013,English,VegaWire Media,"New York, NY",United States,new_york_ny__united_states,Fiction,n,231,"Jean Charbonneau,  Leah Chamberlain, Scott Wolven, Tristan Davies, Paul D. Brazill, JJ Toner,  Alan Ward Thomas, Cortright McMeel "
evega,Noir Nation: International Crime Fiction No. 2,2013,English,Noir Nation Books,"New York, NY",United States,new_york_ny__united_states,Fiction,n,215,
evega,Noir Nation: International Crime Fiction No. 3: The India Issue ,2013,English,Noir Nation Books,"New York, NY",United States,new_york_ny__united_states,Fiction,n,368,"Suparn Verma, Samrat, Cortright McMeel, Yaeer Talker,  Kshemendra, Jonathan Sturak, Graham Wynd,  David Siddell, Richard Godwin "
evega,Noir Nation No. 4: The Canada Issue,2014,English,Noir Nation Books,"New York, NY",United States,new_york_ny__united_states,Fiction,n,211,"Jonathan Sturak, Marina Perezagua, Richard Godwin, Lauren Cahn, Rob Brunet, Melodie Campbell, Bianca Bellova,  Mary Agnes Fleming, George Beck"
evega,Noir Nation: International Crime Fiction No. 5: Jihad and its Metaphors,2014,English,Noir Nation Books,"New York, NY",United States,new_york_ny__united_states,Fiction,n,170,"A.J. Sidransky, Frank Sonderborg, Barbie Wilde, Lindsay Moran,  Lauren Cahn, Doug Levy, Diane Vacca"
evega,Noir Nation: International Journal of Crime Fiction No. 6: The Jazz Issue,2017,English,Noir Nation Books,"New York, NY",United States,new_york_ny__united_states,Fiction,n,130,"Gary Phillips, Tatiana Eva-Marie, JC Hopkins "
evega,Noir Nation No. 7: The Golden Fedora Poetry Prize Issue ,2019,English,Noir Nation Books,"New York, NY",United States,new_york_ny__united_states,Fiction,n,136,"George Perreault, Bianca Bellova, Adam Ward, David Keaton, Ava Black ,Simon Rowe, Barbie Wilde, JJ Toner, Deborah Pintonelli "