Jose de la Riva Aguero,jdlraguero,peru,,,,,,,,,
authorid,Title,Pubdate,Language,Publisher,City,Country,Pub_id,Genre,Translation,Length,Descriptor
jdlraguero,Bulletin of the Pan American Union. Volume LXXIII,1939,English,United States Congressional Serial Set,"Washington, DC",United States,washington_dc_united¬†states,NA,n,862,"James Rowland Angell; A Hooton Blackiston; Elsie Brown; Margaret A Corbett; Charles D'Emery; Pedro De Alba; Carl O Erlanson; Stephen James; Paul R Kelbaugh; Katharine F Lenroot; Beatrice Newhall; James E Rice; L S Rowe; Daniel Samper Ortega; William Sanders; Robert C Smith, Jr.; Madeleine G Sylvain; Johan C Te Velde; Jose Tercero; W N Walmsley, Jr.; Alexander Wilbourne Weddell; A Curtis Wilgus; Julian G Zier; United States. Congress. House.; Pan American Union."
jdlraguero,"Memorias y documentos para la historia de la independencia del Perú, y causas del mal éxito que ha tenido ésta. Obra póstuma de P. Pruvonena [pseud.].",1858,Spanish,Librería de Garnier Hermanos,Paris,France,paris_france,Biography,n,700,
jdlraguero,"Lima justificada, en el suceso del 25 de julio. Impreso de orden de la ilustrisima municipalidad.",1822,Spanish,Impr. Manuel del Rio,Lima,Peru,lima_peru,Non Fiction,n,32,
jdlraguero,Estudios de literatura peruana : carácter de la literatura del Perú independiente,1962,Spanish,Pontificia Universidad Católica del Perú,Lima,Peru,lima_peru,Non Fiction,n,384,"Víctor Andrés Belaúnde; José Jiménez Borja
"
jdlraguero,Un cantor de Santa Rosa : el conde de la Granja,1919,Spanish,Sanmart,Lima,Peru,lima_peru,Biography,n,49,
jdlraguero,Examen de la primera parte de los comentarios reales de Garcilaso Inca de la Vega : (fragmento de un ensayo sobre los historiadores peruanos).,1908,Spanish,La opinión nacional,Lima,Peru,lima_peru,Non Fiction,n,140,
jdlraguero,Obras completas de José de la Riva-Agüero,1962,Spanish,Pontificia Universidad Católica del Perú,Lima,Peru,lima_peru,Non Fiction,n,326,
jdlraguero,"Manifestación histórica y política de la revolucion de la América y mas especialmente de la parte que corresponde al Perú, y Rio de la Plata. Obra escrita en Lima, centro de la opresion y del despotismo, en el año de 1816.",1818,Spanish,Impr. de los Expósitos,Buenos Aires,Argentina ,buenos_aires_argentina,Non Fiction,n,184,
jdlraguero,Exposición de don José de la Riva Agüero acerca de su conducta política en el tiempo que ejerció la Presidencia de la República del Perú.,1894,Spanish,Impreso por C. Wood,Lima,Peru,lima_peru,Biography,n,282,