Josie Peterson,jpeterson,united_states,,,,,,,,,
authorid,Title,Pubdate,Language,Publisher,City,Country,Pub_id,Genre,Translation,Length,Descriptor
jpeterson,"Fairy Dust, The Trickster: A Chapbook Of Poems",2016,English,Createspace Independent Publishing Platform,"Scotts Valley, CA",United States,scotts_valley_ca_united_states,Poetry Collection,n,,
jpeterson,Fairy Dust: A Chapbook Of Poems,2018,English,Createspace Independent Publishing Platform,"Scotts Valley, CA",United States,scotts_valley_ca_united_states,Poetry Collection,n,,
jpeterson,Tristan E Isolda,2016,English,Createspace Independent Publishing Platform,"Scotts Valley, CA",United States,scotts_valley_ca_united_states,Fiction (Novel),n,,
jpeterson,Evelyn Dunbar And Other Comedies: Five One-Woman Plays,2016,English,Createspace Independent Publishing Platform,"Scotts Valley, CA",United States,scotts_valley_ca_united_states,Fiction (Short Story Collection),n,,
jpeterson,Evelyn Dunbar And Other Comedies: Five One-Woman Plays,2016,English,Smashwords Edition,"Los Gatos, CA",United States,los_gatos_ca_united_states,Drama,n,,
jpeterson,Evelyn Dunbar And Other Comedies: Five One-Woman Plays,2016,English,Smashwords Edition,"Los Gatos, CA",United States,los_gatos_ca_united_states,Drama,n,,