Leonardo Padura Fuentes,lpfuentes,cuba,,,,,,,,,
authorid,Title,Pubdate,Language,Publisher,City,Country,Pub_id,Genre,Translation,Length,Descriptor
lpfuentes,Les Brumes Du Passé,2014,French,Editions Métailié,Paris,France,paris_france,Fiction,y,351,
lpfuentes,Água Por Todos Os Lados,2020,Portuguese,Boitempo Editorial,São Paulo,Brazil,são_paulo_brazil,Fiction,y,292,Translator:  Monica Stahel Co-authors:  Carlos Marcelo & Wagner Moura 
lpfuentes,Le Palmier Et L'étoile,2014,French,Editions Métailié,Paris,France,paris_france,Fiction,y,389,Co-authors: Elena Zayas
lpfuentes,La Transparencia Del Tiempo,2018,Spanish,Planeta Publishing,Barcelona,Spain,barcelona_spain,Fiction,n,448,
lpfuentes,Addio Hemingway,2001,Italian,Tropea,Milan,Italy,milan_italy,Fiction,y,189,
lpfuentes,Mascaras,1997,Spanish,Tusquets Editores S.A.,Barcelona,Spain,barcelona_spain,Fiction,n,351,Co-authors:  Ángel Esteban; Yannelys Aparicio Molina
lpfuentes,El Submarino Amarillo: Cuento Cubano 1966-1991 : Breve Antologia,1997,Spanish,Universidad Nacional Autónoma de México,México City,Mexico,mexico_city_mexico,Fiction,n,347,
lpfuentes,Paisaje De Otoño,2000,Spanish,Tusquets Editores S.A.,México City,Mexico,mexico_city_mexico,Fiction,n,260,
lpfuentes,Pasado Perfecto,2000,Spanish,Tusquets Editores S.A.,Barcelona,Spain,barcelona_spain,Fiction,n,232,
lpfuentes,Máscaras,2001,Spanish,Tusquets Editores S.A.,Barcelona,Spain,barcelona_spain,Fiction,n,351,Co-authors:  Ángel Esteban; Yannelys Aparicio Molina
lpfuentes,Un Camino De Medio Siglo: Alejo Carpentier Y La Narrativa De Lo Real Maravilloso,2003,Spanish,Fondo de Cultura Económica,México City,Mexico,mexico_city_mexico,Fiction,n,515,
lpfuentes,Un Camino De Medio Siglo: Alejo Carpentier Y La Narrativa De Lo Real Maravilloso,2004,Spanish,Ediciones Unión,Havana,Cuba,havana_cuba,Fiction,n,515,
lpfuentes,El Hombre Que Amaba A Los Perros,2009,Spanish,Tusquets Editores S.A.,Barcelona,Spain,barcelona_spain,Fiction,n,573,
lpfuentes,El Submarino Amarillo: Cuento Cubano 1966-1991,1997,Spanish,Universidad Nacional Autónoma de México,México City,Mexico,mexico_city_mexico,Fiction,n,347,
lpfuentes,El Viaje Más Largo,2002,Spanish,Editorial Plaza Mayor,San Juan,Puerto Rico,san_juan_puerto_rico,Fiction,n,203,
lpfuentes,Ein Perfektes Leben,2003,German,Unionsverlag,Zürich,Switzerland,zurich_switzerland,Fiction,y,286,
lpfuentes,Electre Á La Havane,2000,French,Editions Métailié,Paris,France,paris_fr_france,Fiction,y,245,Co-authors:  René Solis; Mara Hernández
lpfuentes,L'Automne En Cuba,2002,French,Editions Métailié,Paris,France,paris_fr_france,Fiction,y,232,
lpfuentes,Passé Parfait : Roman,2008,French,Points,Paris,France,paris_fr_france,Fiction,y,276,
lpfuentes,Maschere,2003,Italian,Net,Milan,Italy,milan_italy,Fiction,y,247,
lpfuentes,Passato Remoto,2004,Italian,Net,Milan,Italy,milan_italy,Fiction,y,216,
lpfuentes,Adios Hemingway,2004,French,Editions Métailié,Paris,France,paris_fr_france,Fiction,y,190,
lpfuentes,Le Palmier Et L 'Étoile,2002,French,Editions Métailié,Paris,France,paris_fr_france,Fiction,y,387,
lpfuentes,Máscaras,1997,English,Unión de Escritores y Artistas de Cuba,Havana,Cuba,havana_cuba,Fiction,y,351,Co-authors:  Ángel Esteban; Yannelys Aparicio Molina
lpfuentes,La Novela De Mi Vida,2001,English,Casa de Teatro,Santo Domingo,Dominican Republic,santo_domingo_dominican_republic,Fiction,y,345,
lpfuentes,Havana Black,2006,English,Bitter Lemon Press,London,England,london__england,Fiction,y,261,
lpfuentes,Havana Gold: The Havana Quartet,2008,English,Bitter Lemon Press,London,England,london__england,Fiction,y,288,
lpfuentes,Havana Gold: The Havana Quartet,2008,English,Bitter Lemon Press,London,England,london__england,Fiction,y,285,
lpfuentes,Havana Fever,2009,English,Bitter Lemon Press,London,England,london__england,Fiction,y,258,
lpfuentes,Havana Fever,2009,English,Bitter Lemon Press,London,England,london__england,Fiction,y,261,
lpfuentes,Havana Blue,2007,English,Bitter Lemon Press,London,England,london__england,Fiction,y,258,
lpfuentes,Havana Black: A Lieutenant Mario Conde Mystery,2006,English,Bitter Lemon Press,London,England,london__england,Fiction,y,544,
lpfuentes,Havana Black: A Lieutenant Mario Conde Mystery,2006,English,Bitter Lemon Press,London,England,london__england,Fiction,y,544,
lpfuentes,Havana Red,2005,English,Bitter Lemon Press,London,England,london__england,Fiction,y,416,
lpfuentes,Heretics,2018,English,"Farrar, Straus and Giroux","New York, NY",United States,new_york_ny_united_states,Fiction,y,592,
lpfuentes,Heretics,2017,English,"Farrar, Straus and Giroux","New York, NY",United States,new_york_ny_united_states,Fiction,y,592,
lpfuentes,Heretics,2017,English,Bitter Lemon Press,"New York, NY",United States,new_york_ny_united_states,Fiction,y,592,
lpfuentes,The Transparency of Time,2018,English,"Farrar, Straus and Giroux","New York, NY",United States,new_york_ny__united_states,Fiction (Novel),y,906,
lpfuentes,The Transparency of Time,2018,English,"Farrar, Straus and Giroux","New York, NY",United States,new_york_ny__united_states,Fiction (Novel),y,906,
lpfuentes,The Man Who Loved Dogs,2014,English,"Farrar, Straus and Giroux","New York, NY",United States,new_york_ny__united_states,Fiction,y,906,
lpfuentes,The Man Who Loved Dogs,2014,English,"Farrar, Straus and Giroux","New York, NY",United States,new_york_ny__united_states,Fiction,y,906,
lpfuentes,Havana Red,2005,English,Bitter Lemon Press,London,England,london__england,Fiction,y,507,
lpfuentes,Electre À La Havane,1999,French,Éditions Métailié,Paris,France,paris_fr_france,Fiction,y,245,
lpfuentes,L'Automne À Cuba : Roman,1999,French,Éditions Métailié,Paris,France,paris_fr_france,Fiction,y,336,
lpfuentes,Le Palmier Et L 'Étoile,2003,French,Éditions Métailié,Paris,France,paris_fr_france,Fiction,y,387,
lpfuentes,Das Meer Der Illusionen,2005,German,Unionsverlag,Zurich,Switzerland,zurich_switzerland,Fiction,y,282,
lpfuentes,Das Havanna-Quartett,2008,German,Unionsverlag,Zurich,Switzerland,zurich_switzerland,Fiction,y,821,
lpfuentes,"Der Mann, Der Hunde Liebte: Roman",2015,German,Unionsverlag,Zurich,Switzerland,zurich_switzerland,Fiction,y,760,
lpfuentes,Die Palme Und Der Stern,2017,German,Unionsverlag,Zurich,Switzerland,zurich_switzerland,Fiction,y,421,
lpfuentes,Die Palme Und Der Stern: Roman,2015,German,Unionsverlag,Zurich,Switzerland,zurich_switzerland,Fiction,y,515,
lpfuentes,Ein Perfektes Leben,2003,German,Unionsverlag,Zurich,Switzerland,zurich_switzerland,Fiction,y,286,Translator:  Hans-Joachim Hartstein
lpfuentes,"Ein Perfektes Leben: Kriminalroman. Havanna-Quartett ""Winter""",2015,German,Unionsverlag,Zurich,Switzerland,zurich_switzerland,Fiction,y,286,
lpfuentes,Die Durchlässigkeit Der Zeit,2019,German,Unionsverlag,Zurich,Switzerland,zurich_switzerland,Fiction,y,441,Translator: Hans-Joachim Hartstein
lpfuentes,Die Durchlässigkeit Der Zeit,2019,German,Unionsverlag,Zurich,Switzerland,zurich_switzerland,Fiction,y,441,Translator: Hans-Joachim Hartstein
lpfuentes,Venti Di Quaresima,2001,Italian,Marco Tropea,Milan,Italy,milan_italy,Fiction,y,243,Translator: ; Roberta Bovaia
lpfuentes,Havana Noir: Le Indagini Di Mario Conde,2017,Italian,Bompiani,Milan,Italy,milan_italy,Fiction,y,888,
lpfuentes,L'uomo Che Amava I Cani,2021,Italian,Bompiani,Milan,Italy,milan_italy,Fiction,y,620,Translator: Eleonora Mogavero
lpfuentes,La Trasparenza Del Tempo: Una Nuova Indagine Di Mario Conde,2019,Italian,Bompiani,Milan,Italy,milan_italy,Fiction,y,524,Translator: Bruno Arpaia 
lpfuentes,A Transparência Do Tempo,2018,Portuguese,Boitempo Editorial,São Paulo,Brazil,são_paulo_brazil,Fiction,y,373,Translator: Monica Stahel 
lpfuentes,A Transparencia Do Tempo,2018, Portuguese,Boitempo Editorial,São Paulo,Brazil,são_paulo_brazil,Fiction,y,373,Translator: Monica Stahel 
lpfuentes,El hombre Que Amaba A Los Perros,2019,Spanish,Tusquets Editores S.A.,Barcelona,Spain,barcelona_spain,Fiction,n,573,
lpfuentes,"Adiós, Hemingway",2016,Spanish,Editorial Ácana,Camaguey,Cuba,camaguey_cuba,Fiction,n,189,
lpfuentes,La Novela De Mi Vida,2017,Spanish,Tusquets Editores S.A.,Barcelona,Spain,barcelona_spain,Fiction,n,514,
lpfuentes,Paisaje De Otoño,2016,Spanish,Tusquets Editores S.A.,Barcelona,Spain,barcelona_spain,Fiction,n,329,
lpfuentes,Los Rostros De La Salsa,1997,Spanish,Ediciones Unión,La Habana,Cuba,habana_cuba,Fiction,n,285,
lpfuentes,Máscaras,1997,Spanish,Tusquets Editores S.A.,Barcelona,Spain,barcelona_spain,Fiction,n,351,Co-authors:  Ángel Esteban; Yannelys Aparicio Molina
lpfuentes,Herejes,2019,Spanish,Tusquets Editores S.A.,Barcelona,Spain,barcelona_spain,Fiction,n,516,
lpfuentes,La Neblina Del Ayer,2016,Spanish,Tusquets Editores S.A.,Barcelona,Spain,barcelona_spain,Fiction,n,358,
lpfuentes,Los Rostros De La Salsa: Entrevistas Con Las Principales Figuras Musicales Del Caribe,1999,Spanish,Planeta,Madrid,Spain,madrid_esp_spain,Fiction,n,259,
lpfuentes,Paisaje De Otoño,1999,Spanish,Ediciones Unión,La Habana,Cuba,habana_cuba,Fiction,n,329,
lpfuentes,El Hombre Que Amaba A Los Perros,2010,Spanish,Tusquets Editores S.A.,Barcelona,Spain,bacrcelona_spain,Fiction,n,573,
lpfuentes,El Viaje Mas Largo,2001,Spanish,Editorial Plaza Mayor,San Juan,Puerto Rico,san_juan_puerto_rico,Fiction,n,203,
lpfuentes,Fiebre De Caballos,2003,Spanish,Letras Cubanas,Havana,Cuba,habana_cuba,Fiction,n,157,
lpfuentes,Adiós Hemingway,2003,Spanish,Editorial Norma,Bogotá,Colombia,bogotá_columbia,Fiction,n,26,
lpfuentes,"José María Heredia, La Patria Y La Vida",2003,Spanish,Ediciones Unión,Havana,Cuba,habana_cuba,Fiction,n,198,
lpfuentes,Alejo Carpentier: En Medio Del Camino De La Vida,2002,Spanish,Fondo de Cultura Económica,Mexico City,Mexico,mexico_city_mex_united_states,Fiction,n,208,
lpfuentes,La Novela De Mi Vida,2002,Spanish,Tusquets Editores S.A.,Barcelona,Spain,barcelona_spain,Fiction,n,294,
lpfuentes,Un Camino De Medio Siglo: Carpentier Y La Narrativa De Lo Real Maravilloso,2002,Spanish,Fondo de Cultura Económica,México City,Mexico,mexico_city_mex_united_states,Fiction,n,210,
lpfuentes,Paisaje De Otoño,2005,Spanish,Ediciones Unión,Havana,Cuba,habana_cuba,Fiction,n,329,
lpfuentes,Vientos De Cuaresma,2005,Spanish,Ediciones Unión,Havana,Cuba,habana_cuba,Fiction,n,272,
lpfuentes,La Neblina Del Ayer,2005,Spanish,Círculo de Lectores,Barcelona,Spain,barcelona_spain,Fiction,n,236,
lpfuentes,Pasado Perfecto,2009,Spanish,Tusquets Editores S.A.,Barcelona,Spain,barcelona_spain,Fiction,n,135,
lpfuentes,Vientos De Cuaresma,2009,Spanish,Tusquets Editores S.A.,Barcelona,Spain,barcelona_spain,Fiction,n,325,
lpfuentes,Cómo Nace Un Personaje: La Historia De Un Detective En Havana,2015,Spanish,Tusquets Editores S.A.,Barcelona,Spain,barcelona_spain,Fiction,n,460,
lpfuentes,Aquello Estaba Deseando Ocurrir,2015,Spanish,Tusquets Editores S.A.,Barcelona,Spain,barcelona_spain,Fiction,n,350,
lpfuentes,El Viaje Más Largo: En Busca De Una Cubanía Extraviada,2018,Spanish,Ned Ediciones,Barcelona,Spain,barcelona_spain,Fiction,n,460,
lpfuentes,El Viaje Más Largo: En Busca De Una Cubanía Extraviada,2002,Spanish,Editorial Plaza Mayor,San Juan,Puerto Rico,san_juan_puerto_rico,Fiction,n,491,
lpfuentes,El Viaje Más Largo: En Busca De Una Cubanía Extraviada,2014,Spanish,Ned Ediciones,Barcelona,Spain,barcelona_spain,Fiction,n,205,
lpfuentes,Los Rostros De La Salsa,2021,Spanish,Tusquets Editores S.A.,Barcelona,Spain,barcelona_spain,Fiction,n,240,
lpfuentes,Paisaje De Otoño,2014,Spanish,Tusquets Editores S.A.,Barcelona,Spain,barcelona_spain,Fiction,n,236,
leonardo Padura Fuentes,Paisaje De Otoño,2013,Spanish,Tusquets Editores S.A.,Barcelona,Spain,barcelona_spain,Fiction,n,192,
lpfuentes,La Cola De La Serpiente,2013,Spanish,Tusquets Editores S.A.,Barcelona,Spain,barcelona_spain,Fiction,n,192,
lpfuentes,La Neblina Del Ayer,2013,Spanish,Tusquets Editores S.A.,Barcelona,Spain,barcelona_spain,Fiction,n,240,
lpfuentes,Agua Por Todas Partes: Vivir Y Escribir En Cuba,2019,Spanish,Tusquets Editores S.A.,Barcelona,Spain,barcelona_spain,Fiction,n,212,
lpfuentes,La Novela De Mi Vida,2015,Spanish,Planeta Publishing,Madrid,Spain,madrid_esp_spain,Fiction,n,514,
lpfuentes,La Novela De Mi Vida,2013,Spanish,Tusquets Editores S.A.,Barcelona,Spain,barcelona_spain,Fiction,n,514,
lpfuentes,La Transparencia Del Tiempo,2018,Spanish,Tusquets Editores S.A.,Barcelona,Spain,barcelona_spain,Fiction,n,768,
lpfuentes,Vientos De Cuaresma,2013,Spanish,Tusquets Editores S.A.,Barcelona,Spain,barcelona_spain,Fiction,n,529,
lpfuentes,Pasado Perfecto,2014,Spanish,Planeta Publishing,Madrid,Spain,barcelona_spain,Fiction,n,708,
lpfuentes,Pasado Perfecto,2013,Spanish,Tusquets Editores S.A.,Barcelona,Spain,barcelona_spain,Fiction,n,708,
lpfuentes,"Adiós, Hemingway",2014,Spanish,Tusquets Editores S.A.,Barcelona,Spain,barcelona_spain,Fiction,n,190,
lpfuentes,"Adiós, Hemingway",2013,Spanish,Tusquets Editores S.A.,Barcelona,Spain,barcelona_spain,Fiction,n,190,
lpfuentes,Máscaras,2012,Spanish,Tusquets Editores S.A.,Barcelona,Spain,barcelona_spain,Fiction,n,213,
lpfuentes,Máscaras,2013,Spanish,Tusquets Editores S.A.,Barcelona,Spain,barcelona_spain,Fiction,n,213,
lpfuentes,Herejes,2013,Spanish,Tusquets Editores S.A.,Barcelona,Spain,barcelona_spain,Fiction,n,516,
lpfuentes,Herejes,2013,Spanish,Tusquets Editores S.A.,Barcelona,Spain,barcelona_spain,Fiction,n,516,
lpfuentes,El Hombre Que Amaba A Los Perros,2014,Spanish,Tusquets Editores S.A.,Barcelona,Spain,barcelona_spain,Fiction,n,573,
lpfuentes,El Hombre Que Amaba A Los Perros,2013,Spanish,Tusquets Editores S.A.,Barcelona,Spain,barcelona_spain,Fiction,n,573,
lpfuentes,Como Polvo En El Viento,2020,Spanish,Tusquets Editores S.A.,Barcelona,Spain,barcelona_spain,Fiction,n,743,Translator: Bruno Arpaia
lpfuentes,El Hombre Que Amaba A Los Perros,2009,Spanish,Tusquets Editores S.A.,Barcelona,Spain,barcelona_spain,Fiction,n,573,
lpfuentes,Havana Red,1997,Spanish,Bitter Lemon Press,London,England,london__england,Fiction,n,310,Translator:  Peter Bush
lpfuentes,Maschere,1997,Italian,Marco Tropea Editore,Milan,Italy,milano_italy,Fiction,y,247,Co-authors: Mondadori
lpfuentes,Havana Blue,2006,English,Bitter Lemon Press,London,England,london__england,Fiction,y,234,
lpfuentes,Faces Of Salsa: A Spoken History of the Music,2003,English,Smithsonian Books,"Washington, DC",United States,washington_d.c_united_states,Fiction,y,200,
lpfuentes,Fiebre De Caballos,2019,Spanish,Editorial Verbum,Madrid,Spain,madrid_esp_spain,Fiction,n,157,
lpfuentes,Vents De Carême,2004,Portuguese,Métailié,Paris,France,paris_fr_france,Fiction,y,232,Co-authors:  François Gaudry
lpfuentes,Handel Der Gefühle,2004,German,Unionsverlag,Zürich,Switzerland,zurich_switzerland,Fiction,y,254,Co-authors:  Hans-Joachim Hartstein
lpfuentes,Der Nebel Von Gestern,2010,German,Unionsverlag,Zürich,Switzerland,zurich_switzerland,Fiction,y,379,Co-authors: Journalist Schriftsteller Kuba; Hans-Joachim Hartstein
lpfuentes,The Transparency Of Time,2018,English,Bitter Lemon Press,London,England,london__england,Fiction,y,402,
lpfuentes,"Das Meer Der Illusionen Das Havanna-Quartett: ""Herbst""",2006,German,Unionsverlag,Zürich,Switzerland,zurich_switserland,Fiction,y,282,Co-authors: Journalist Schriftsteller Kuba; Hans-Joachim Hartstein
lpfuentes,Der Nebel Von Gestern,2008,German,Unionsverlag,Zürich,Switzerland,zurich_switserland,Fiction,y,379,Co-authors: Journalist Schriftsteller Kuba; Hans-Joachim Hartstein
lpfuentes,Um Passado Perfeito,2009,Portuguese,Asa Edições,Alfragide,Portugal,alfragide_portugal,Fiction,y,232,
lpfuentes,Wichura W Hawanie,2009,Polish,Wydawnitwo Znak,Kraków,Poland,krakow_poland,Fiction,y,213,Co-authors: Danuta Rycerz
lpfuentes,Mirando Al Sol,2009,Spanish,Sarita Cartonera,Lima,Peru,lima_peru,Fiction,n,229,
lpfuentes,Trans W Hawanie,2010,Polish,Wydawnictwo Znak,Kraków,Poland,krakow_poland,Fiction,y,213,Co-authors:  Marcin Sarna; Społeczny Instytut Wydawniczy Znak.
lpfuentes,L'Automne Á Cuba,2000,French,Métailié,Paris,France,paris_fr_france,Fiction,y,282,
lpfuentes,Les Brumes Du Passé,2006,French,Métailié,Paris,France,paris_fr_france,Fiction,y,448,
lpfuentes,"Der Mann, Der Hunde Liebte",2011,German,Unionsverlag,Zürich,Switszerland,zurich_switserland,Fiction,y,906,
lpfuentes,Die Palme Und Der Stern,2015,German,Unionsverlag,Zürich,Switszerland,zurich_switserland,Fiction,y,464,
lpfuentes,Die Durchlässigkeit Der Zeit,2020,German,Unionsverlag,Zürich,Switszerland,zurich_switserland,Fiction,y,448,
lpfuentes,Ein Perfektes Leben: Das Havanna-Quartett 1,2015,German,Unionsverlag,Zürich,Switszerland,zurich_switserland,Fiction,y,355,
lpfuentes,Máscaras,1997,Spanish,Tusquets Editores S.A.,Barcelona,Spain,barcelona_spain,Fiction,n,229,
lpfuentes,Máscaras,1997,Spanish,Tusquets Editores S.A.,Barcelona,Spain,barcelona_spain,Fiction,n,229,
lpfuentes,Adios Hemingway By Leonardo Padura,2006,Spanish,Contemporary French Fiction,Paris,France,paris_fr_france,Fiction,n,240,
lpfuentes,La Cultura Y La Revolución Cubana: Conversaciones En Havana,1999,Spanish,Editorial Plaza Mayor,San Juan,Puerto Rico,san_juan_puerto_rico,Non Fiction,n,342,
lpfuentes,La Cultura Y La Revolución Cubana: Conversaciones En Havana,2002,Spanish,Editorial Plaza Mayor,San Juan,Puerto Rico,san_juan_puerto_rico,Non Fiction,n,342,