Michael Smith,msmith,jamaica,,,,,,,,,
authorid,Title,Pubdate,Language,Publisher,City,Country,Pub_id,Genre,Translation,Length,Descriptor
msmith,It A Come,1986,English,Race Today Publications,London,England,london_england,Poetry Collection,n,61,
msmith,It A Come,1989,English,City Lights Books,"San Franciso, CA",United States,san_francisco_ca_united¬†states,Poetry Collection,n,61,
msmith,Mi Cyaan Believe It,1982,English,Island Records,London,England,london_ldn_england,Poetry Collection,n,NA,
msmith,Word,1978,English,Light of Saba,Kingston,Jamaica,kingston_jamaica,Poetry Collection,n,NA,
msmith,Me Cyaan Believe It/Roots,1981,English,LKJ Records,London,England,london_ldn_england,Poetry Collection,n,NA,