Raoul B. Altidor,rbaltidor,haiti,,,,,,,,,
authorid,Title,Pubdate,Language,Publisher,City,Country,Pub_id,Genre,Translation,Length,Descriptor
rbaltidor,Simbad Avenue,2008,Haitian Creole,Edisyon Près Nasyonal d'Ayiti,Port-au-Prince,Haiti,port_au_prince_haiti,Fiction (Novel),n,123,
rbaltidor,Koulè Midi,1999,French,Mémoire D'Encrier,Port-au-Prince,Haiti,port_au_prince_haiti,Fiction (Short Story Collection),n,69,
rbaltidor,Ri Pwent Chemiz,2018,English,Bon Signe,Port-au-Prince,Haiti,port_au_prince_haiti,Fiction (Short Story Collection),n,NA,
rbaltidor,Ri Pwent Chemiz,2018,Haitian Creole,Editions Bon Signe,Port-au-Prince,Haiti,port_au_prince_haiti,Fiction (Short Story Collection),n,95,
rbaltidor,Haiti And the American Military Occupation,2019,English,Educa Vision,Pompano Beach,United States,pompano_beach_united¬†states,Nonfiction Book,n,182,
