Reinaldo Arenas,rarenas,cuba,,,,,,,,,
authorid,Title,Pubdate,Language,Publisher,City,Country,Pub_id,Genre,Translation,Length,Descriptor
rarenas,Before Night Falls,2001,Japanese,InsightOut Books,"New York, NY",United States,new_york_ny_united_states,Autobiography/Memoir,y,NA,1993
rarenas,Singing from the Well,2002,Japanese,Tusquets Editores S.A.,Tokyo,Japan,tokyo_japan,Fiction (Novel),y,NA,1967
rarenas,Otra Vez el Mar,2013,Spanish,Tusquets Editores S.A.,Barcelona,Spain,barcelona,Fiction (Novel),n,NA,
rarenas,Farewell to the Sea: A Novel of Cuba,1986,English,Viking Press,"New York, NY",United States,new_york_ny_united_states,Fiction (Novel),y,413,1982
rarenas,Farewell to the Sea: A Novel of Cuba,1985,English,Viking Press,"New York, NY",United States,new_york_ny_united_states,Fiction (Novel),y,413,1982
rarenas,The Doorman,1987,English,Grove Press,"New York, NY",United States,new_york_ny_united_states,Fiction (Novel),y,191,1987
rarenas,Hallucinations: Being an Account of the Life and Adventures of Fray Servando,1987,English,Avon,"New York, NY",United States,new_york_ny_united_states,Fiction (Novel),y,246,1969
rarenas,Graveyard of the Angels,1987,English,Avon,"New York, NY",United States,new_york_ny_united_states,Fiction (Novel),y,121,1987
rarenas,The Assault,1994,English,Viking Press,"New York, NY",United States,new_york_ny_united_states,Fiction (Novel),y,145,1994
rarenas,El Portero,1990,English,Ediciones Universal,"Miami, FL",United States,miami_fl_united_states,Fiction (Novel),n,158,
rarenas,Before Night Falls,1994,English,Penguin Books,Westminster,England,westminster_england,Autobiography/Memoir,y,317,1994
rarenas,The Doorman,1994,English,Grove Press,"New York, NY",United States,new_york_ny_united_states,Fiction (Novel),y,204,1987
rarenas,The Doorman,1991,English,Grove Press,"New York, NY",United States,new_york_ny_united_states,Fiction (Novel),n,191,
rarenas,Old Rosa,1994,English,Grove Press,"New York, NY",United States,new_york_ny_united_states,Fiction (Novel),y,106,1980
rarenas,The Color of Summer: or The New Garden of Earthly Delights,2000,English,Viking Press,"New York, NY",United States,new_york_ny_united_states,Fiction (Novel),y,417,1990
rarenas,El Asalto,1990,English,Ediciones Universal,"Miami, FL",United States,miami_fl_united_states,Fiction (Novel),n,141,
rarenas,Mona and Other Tales,2001,English,Vintage Books,"New York, NY",United States,new_york_ny_united_states,Nonfiction Book,y,208,2001
rarenas,Mona and Other Tales,2007,English,Vintage Books,"New York, NY",United States,new_york_ny_united_states,Fiction (Novel),y,208,2001
rarenas,Graveyard of the Angels,1987,English,Avon,"New York, NY",United States,new_york_ny_united_states,Fiction (Novel),n,121,
rarenas,Singing from the Well,1987,English,Viking Adult,"New York, NY",United States,new_york_ny_united_states,Fiction (Novel),n,206,
rarenas,The Palace of the White Skunks,1991,English,Viking Press,"New York, NY",United States,new_york_ny_united_states,Fiction (Novel),y,384,1980
rarenas,Farewell to the Sea: A Novel of Cuba,1985,English,Viking Press,"New York, NY",United States,new_york_ny_united_states,Fiction (Novel),y,424,1982
rarenas,Hallucinations: Being an Account of the Life and Adventures of Fray Servando,1976,English,Penguin Books,Westminster,England,westminster_england,Fiction (Novel),y,NA,1969
rarenas,Hallucinations: Being an Account of the Life and Adventures of Fray Servando,1971,English,"Cape Publishing, Inc.",London,England,london__england,Fiction (Novel),n,287,
rarenas,Le Monde Hallucinant,1989,French,Éditions du Seuil,Paris,France,paris_fr_france,Fiction (Novel),y,274,1968
rarenas,Le Portier,1988,French,Presses de la Renaissance,Paris,France,paris_fr_france,Fiction (Novel),y,202,1987
rarenas,"Arturo, L'Etoile la Plus Brillante",1985,French,Éditions du Seuil,Paris,France,paris_fr_france,Fiction (Novel),y,89,1980
rarenas,"Arturo, L'Etoile la Plus Brillante",2004,French,Éditions du Seuil,Paris,France,paris_fr_france,Fiction (Novel),y,89,1980
rarenas,Encore une Fois la Mer,2004,French,Éditions du Seuil,Paris,France,paris_fr_france,Fiction (Novel),y,512,1982
rarenas,La Colline De L'Ange: Roman,2002,French,Presses de la Renaissance,Paris,France,paris_fr_france,Fiction (Novel),y,192,1987
rarenas,El Mundo Alucinante,1982,German,Suhrkamp Verlag,Berlin,Germany,berlin_germany,Fiction (Novel),y,320,1969
rarenas,Wahnwitzige Welt Ein. Abenteuerroman,1982,German,Suhrkamp Verlag,Berlin,Germany,berlin_germany,Fiction (Novel),y,235,1969
rarenas,O Selestino Prin Ten Auge,1984,"Greek, Modern",Exantaz,NA,NA,na_na,Fiction (Novel),y,NA,
rarenas,Cantando en el Pozo,1982,Spanish,Argos Vergara,Barcelona,Spain,barcelona,Fiction (Novel),n,215,
rarenas,Homenaje a Lydia Cabrera,1982,Spanish,Frank Garcia,"New York, NY",United States,new_york_ny_united_states,Fiction (Novel),n,32,
rarenas,Leprosorio: Trilogía Poética,1990,Spanish,Editorial Betania,Madrid,Spain,madrid_esp_spain,Fiction (Novel),n,131,
rarenas,El Palacio de las Blanquísimas Mofetas,1983,Spanish,Argos Vergara,Barcelona,Spain,barcelona,Fiction (Novel),n,293,
rarenas,Persecución,1985,Spanish,Ediciones Universal,"Miami, FL",United States,miami_fl_united_states,NA,n,82,
rarenas,Persecución,1986,Spanish,Ediciones Universal,"Miami, FL",United States,miami_fl_united_states,NA,n,71,
rarenas,Necesidad de Libertad,1986,Spanish,Kosmos,Mexico City,Mexico,mexico_city_mex_united_states,Nonfiction Book,n,264,
rarenas,Celestino Antes del Alba,1980,Spanish,Monte Avila Editores,Caracas,Venezuela,caracas_venezuela,Fiction (Novel),n,225,
rarenas,Otra Vez el Mar,1982,Spanish,Argos Vergara,Barcelona,Spain,barcelona,Fiction (Novel),n,420,
rarenas,El Asalto,1990,Spanish,Ediciones Universal,"Miami, FL",United States,miami_fl_fl_united_states,Fiction (Novel),n,141,
rarenas,El Central,1981,Spanish,Seix Barral,Barcelona,Spain,barcelona,Poetry Collection,n,105,
rarenas,El Portero,1990,Spanish,Dador Ediciones,Málaga,Spain,,Fiction (Novel),n,158,
rarenas,El Portero,1989,Spanish,Dador Ediciones,Málaga,Spain,,Fiction (Novel),n,176,
rarenas,"Arturo, la Estrella Más Brillante",1988,Spanish,Montesinos,Barcelona,Spain,barcelona,Fiction (Novel),n,91,
rarenas,"Arturo, la Estrella Más Brillante",1984,Spanish,Montesinos,Barcelona,Spain,barcelona,Fiction (Novel),n,94,
rarenas,El Mundo Alucinante,1982,Spanish,Monte Avila,Caracas,Venezuela,caracas_venezuela,Fiction (Novel),n,313,
rarenas,El Mundo Alucinante,1981,Spanish,Montesinos,Barcelona,Spain,barcelona,Fiction (Novel),n,249,
rarenas,Voluntad de Vivir Manifestándose,1989,Spanish,Editorial Betania,Madrid,Spain,madrid_esp_spain,Poetry Collection,n,115,
rarenas,Termina el Desfile,1986,Spanish,Plaza & Janés,Barcelona,Spain,barcelona,Fiction (Short Story Collection),n,191,
rarenas,Termina el Desfile,1984,Spanish,Plaza & Janés,Barcelona,Spain,barcelona,Fiction (Novel),n,191,
rarenas,Termina el Desfile,1981,Spanish,Seix Barral,Barcelona,Spain,barcelona,Fiction (Novel),n,174,
rarenas,Viaje a Havana,1990,Spanish,Narrativa Mondadori,Madrid,Spain,madrid_esp_spain,Fiction (Novel),n,NA,
rarenas,Viaje a Havana,1990,Spanish,Ediciones Universal,"Miami, FL",United States,miami_fl_fl_united_states,Fiction (Novel),n,153,
rarenas,El Mundo Alucinante,2008,Spanish,Ediciones Cátedra,Madrid,Spain,madrid_esp_spain,Fiction (Novel),n,320,
rarenas,El Color del Verano,1991,Spanish,Ediciones Universal,"Miami, FL",United States,miami_fl_fl_united_states,Fiction (Novel),n,446,
rarenas,El Palacio de las Blanquísimas Mofetas,2001,Spanish,Tusquets Editores S.A.,Barcelona,Spain,barcelona,Fiction (Novel),n,368,
rarenas,Celestino Antes del Alba,1996,Spanish,Ediciones Universal,"Miami, FL",United States,miami_fl_fl_united_states,Fiction (Novel),n,215,
rarenas,La Loma del Angel,2018,Spanish,Editorial Hypermedia Inc.,"Miami, FL",United States,miami_fl_fl_united_states,Fiction (Novel),n,192,
rarenas,"Arturo, la Estrella Mas Brillante",2001,Spanish,Ediciones Universal,"Miami, FL",United States,miami_fl_fl_united_states,Fiction (Novel),n,82,
rarenas,Antes Que Anochezca,2019,Spanish,Tusquets Editores S.A.,Barcelona,Spain,barcelona,Fiction (Novel),n,282,
rarenas,Necesidad de Libertad,2020,Spanish,Ediciones Universal,"Miami, FL",United States,miami_fl_fl_united_states,Fiction (Novel),n,315,
rarenas,La Loma del Angel,1995,Spanish,Ediciones Universal,"Miami, FL",United States,miami_fl_fl_united_states,Fiction (Novel),n,139,
rarenas,Termina el Desfile,1981,Spanish,Seix Barral,Barcelona,Spain,barcelona,Fiction (Novel),n,174,
rarenas,El Central,1981,Spanish,Ediciones Universal,"Miami, FL",United States,miami_fl_fl_united_states,Fiction (Novel),n,105,
rarenas,Persecución,1986,Spanish,Ediciones Universal,"Miami, FL",United States,miami_fl_fl_united_states,Fiction (Novel),n,67,
rarenas,Conversación con Reinaldo Arenas,1990,Spanish,Editora Betânia,Madrid,Spain,madrid_esp_spain,Nonfiction Book,n,60,
rarenas,Leprosorio: Trilogía Poética,1990,Spanish,Editora Betânia,Madrid,Spain,madrid_esp_spain,Fiction (Novel),n,131,
rarenas,Viaje a Havana,1990,Spanish,Ediciones Universal,"Miami, FL",United States,miami_fl_fl_united_states,Fiction (Novel),n,153,
rarenas,Necesidad de Libertad,1983,Spanish,Kosmos,Mexico City,Mexico,mexico_d.f._mexico,Fiction (Novel),n,264,
rarenas,Antes Que Anochezca,1992,Spanish,Tusquets Editores S.A.,Barcelona,Spain,barcelona,Nonfiction Book,n,343,
rarenas,Méditations de Saint-Nazaire,1990,French,Maison des Écrivains Étrangers et des Traducteurs,Saint-Nazaire,France,,Fiction (Novel),y,59,1990
rarenas,Old Rosa,1984,English,Grove Press,"New York, NY",United States,new_york_ny__united_states,Fiction (Novel),y,106,1980
rarenas,Der Palast der Blütenweissen Stinktiere,1985,German,Darmstadt Neuwied Luchterhand,Darmstadt,Germany,,Fiction (Novel),y,347,1980
rarenas,Wahnwitzige Welt Ein. Abenteuerroman,1987,German,Edition día,Frankfurt,Germany,frankfurt_ge_germany,Fiction (Novel),y,235,1969
rarenas,Un Plebiscito a Fidel Castro,1990,Spanish,Editora Betânia,Madrid,Spain,madrid_esp_spain,Fiction (Novel),n,150,
rarenas,The Color of Summer: or The New Garden of Earthly Delights,2001,English,Penguin Books,"New York, NY",United States,new_york_ny__united_states,Fiction (Novel),y,465,1990
rarenas,The Color of Summer: or The New Garden of Earthly Delights,2001,English,Penguin Books,"New York, NY",United States,new_york_ny__united_states,Fiction (Novel),y,482,1990
rarenas,Hallucinations: Being an Account of the Life and Adventures of Fray Servando,2001,English,Penguin Books,"New York, NY",United States,new_york_ny__united_states,Fiction (Novel),y,288,1969
rarenas,Singing from the Well,1988,English,Penguin Books,"New York, NY",United States,new_york_ny__united_states,Fiction (Novel),y,240,1967
rarenas,Farewell to the Sea: A Novel of Cuba,1987,English,Penguin Books,"New York, NY",United States,new_york_ny__united_states,Fiction (Novel),n,448,1987
rarenas,Le Monde Hallucinant,1984,French,Ed du Seuil,Paris,France,paris_fr_france,Fiction (Novel),y,277,1969
rarenas,Voyage à la Havane,1990,French,Presses de la Renaissance,Paris,France,paris_fr_france,Fiction (Novel),y,178,1990
rarenas,The Color of Summer: or The New Garden of Earthly Delights,1990,English,Viking Press,"New York, NY",United States,new_york_ny__united_states,Fiction (Novel),y,465,1990
rarenas,The Palace of the White Skunks,1990,English,Viking Press,"New York, NY",United States,new_york_ny__united_states,Fiction (Novel),y,356,1980
rarenas,Singing from the Well,1987,English,Viking Press,"New York, NY",United States,new_york_ny__united_states,Fiction (Novel),y,206,1967
rarenas,Farewell to the Sea: A Novel of Cuba,1987,English,Penguin Books,London,England,london_europe,Fiction (Novel),y,413,1982
rarenas,Singing from the Well,1988,Spanish,Penguin Books,"New York, NY",United States,new_york_ny__united_states,Fiction (Novel),y,212,1967
rarenas,Opsene,1987,Serbian,Srpska knjizevna zadruga,Beograd,Serbia,beograd;_alnari_serbia,Fiction (Novel),y,244,1969
rarenas,La Plantation,1983,French,Éditions du Seuil,Paris,France,paris_fr_france,Fiction (Novel),y,121,1981
rarenas,Castelul: Roman,1988,Romanian,Editura Militara,Bucuresti,Romania,bucuresti,Fiction (Novel),y,286,1988
rarenas,Der Palast der Blütenweissen Stinktiere,1982,German,Luchterhand,Darmstadt,Germany,,Fiction (Novel),y,347,1980
rarenas,Before Night Falls,2020,English,Penguin Books,London,England,london_europe,Autobiography/Memoir,y,336,1992
rarenas,Before Night Falls,2020,English,Penguin Books,London,England,london_europe,Autobiography/Memoir,y,329,1992
rarenas,Harhanäkyjen Maailma,1989,Finnish,Kirjayhtymä,Helsinki,Finland,helsingissä_hki_finland,Fiction (Novel),y,249,1969
rarenas,Le Portier,1990,French,Éditions Rivages,Paris,France,paris_fr_france,Fiction (Novel),y,246,1987
rarenas,Fin du défilé : Nouvelles,1988,French,Presses de la Renaissance,Paris,France,paris_fr_france,Fiction (Novel),y,154,1981
rarenas,O Mundo Alucinante,1984,Portuguese,Francisco Alves,Rio de Janeiro,Brazil,rio_de_janeiro_br_brazil,Fiction (Novel),y,NA,1969
rarenas,Mekurumeku Sekai,1989,Japanese,Kokusho Kankokai,Tokyo,Japan,tokyo_kantō_japan,Fiction (Novel),y,329,1969
rarenas,Old Rosa,1989,English,Grove Press,"New York, NY",United States,new_york_ny__united_states,Fiction (Novel),n,106,
rarenas,Con los ojos cerrados,1972,Spanish,Arca,Montevideo,Uraguay,montevideo_uruguay,Short Story,n,133,
rarenas,Hallucinations: Being an Account of the Life and Adventures of Fray Servando,1971,English,Ultramarine Pub Co,"New York, NY",United States,new_york_ny__united_states,Fiction (Novel),y,286,1969
rarenas,Huelva,1991,Spanish,Diputación Provincial de Huelva,Huelva,Spain,,Biography,n,84,
rarenas,Homenaje a Ángel Cuadra,1981,Spanish,Solar,"Miami, FL",United States,miami_fl_fl_united_states,Fiction (Novel),n,190,"Guillén, Jorge; Paz, Octavio; Sabato, Ernesto"
rarenas,Lazarillo de Tormes,1984,Spanish,Regents Publishing Company,"New York, NY",United States,new_york_ny__united_states,Fiction (Novel),n,63,"Jiménez, José Olivio; Fortún, Clara"
rarenas,Conversación con Reinaldo Arenas,1990,Spanish,Editora Betânia,Madrid,Spain,madrid_esp_spain,Fiction (Novel),n,60,"Soto, Francisco"
rarenas,La Loma del Angel,1987,English,Mariel Press,"Miami, FL",United States,new_york_ny__united_states,Fiction (Novel),n,139,"Villaverde, Cirilo"
rarenas,La Loma del Angel,1989,Spanish,Dador Ediciones,Málaga,Spain,,Fiction (Novel),n,158,"Villaverde, Cirilo"