Sarah Lark,slark,england,,,,,,,,,
authorid,Title,Pubdate,Language,Publisher,City,Country,Pub_id,Genre,Translation,Length,Descriptor
slark,Eine Hoffnung am Ende der Welt : Roma,2015,German,Lübbe,Köln,Germany,,Fiction (Novel),y,413,
slark,Na kraĭ sveta za mechtoĭ : roman,2016,Russian,Klub Semeĭnogo Dosuga,Belgorod,Russia,,Fiction (Novel),y,315,
slark,Hope at the end of the world,2017,English,Amazon Publishing ,"Seattle, WA",United States,seattle_wa_united¬†states,Fiction (Novel),n,267,D W Lovett
slark,Naděje na konci světa,2017,Czech, Knižní klub,Praha,Czech Republic,praha_czech_republic,Fiction (Novel),y,270,Dagmar Hoangová
slark,Una promesa a la fi del món,2017,Catalan,Grupo Zeta,Barcelona,Spain,,Fiction (Novel),y,442,Emma García Carbassa
slark,Dove tutto diventa possibile,2017,Italian,Giunti,Milano,Italy,milano_italy,Fiction (Novel),y,307,
slark,Een nieuwe wereld,2017,Dutch,De Fontein,Utrecht,The Netherlands,,Fiction (Novel),y,333,Jolanda te Lindert
slark,Nadzieja na końcu świata,2017,Polish,Wydawnictwo Sonia Draga,Katowice,Poland,,Fiction (Novel),y,309, Anna Makowiecka-Siudut; Wydawnictwo Sonia Draga.
slark,Una promesa en el fin del mundo,2017,Spanish,Barcelona Ediciones,Barcelona,Spain,,Fiction (Novel),y,436,Susana Andrés
slark,Cerība pasaules malā,2019,Latvian,Zvaigzne ABC,Rigā,Latvia,riga_latvia,Fiction (Novel),y,237,Inese Miesniece
slark,Song of the spirits,2013,English,Amazon Publishing ,"Seattle, WA",United States,seattle_wa_united¬†states,Fiction (Novel),n,687,D W Lovett
slark,In the land of the long white cloud,2012,English, AmazonCrossing,"Las Vegas, NV",,,Fiction (Novel),n,659,D W Lovett
slark,En el país de la nube blanca,2021,Spanish,B de Bolsillo,Barcelona,Spain ,,Fiction (Novel),y,746,Susana Andrés
slark,Die Tränen der Māori-Göttin : Roman,2012,German,Lübbe,Köln,Germany,,Fiction (Novel),y,894,
slark,Bogowie Maorysów,2015,Polish,Wydawnictwo Sonia Draga,Katowice,Poland,,Fiction (Novel),y,726, Anna Makowiecka-Siudut; Wydawnictwo Sonia Draga.
slark,Las lágrimas de la diosa Maorí,2015,Spanish,Grupo Zeta,Barcelona,Spain ,,Fiction (Novel),y,802,Susana Andrés 
slark,"De dag van de zonnewende",2016,Dutch,De Fontein,Utrecht,The Netherlands ,,Fiction (Novel),y,653,Jolanda te Lindert
slark,Larmes de la deesse maorie,2018,French ,Editions de L'Archipel,Paris,France,paris_fr_france,Fiction (Novel),y,646,Jean-Marie Argelès
slark,Les llàgrimes de la deessa maori,2018,Catalan,B de Bolsillo,Barcelona,Spain ,,Fiction (Novel),y,820,Emma García Carbassa
slark,Unter fernen Himmeln : Roman,2016,German,Lübbe,Köln,Germany,,Fiction (Novel),y,589,
slark,Bajo cielos lejanos,2018,Spanish,Ediciones B,Barcelona,Spain ,,Fiction (Novel),y,654,
slark,Sota cels llunyans,2018,Catalan,Rosa dels Vents,Barcelona,Spain ,,Fiction (Novel),y,568,Tina Dreher
slark,Het familiegeheim,2020,Dutch,De Fontein,Utrecht,The Netherlands ,,Fiction (Novel),y,479,Jolanda te Lindert
slark,Het land met de gouden kust,2015,Dutch,De Fontein,Utrecht,The Netherlands ,,Fiction (Novel),y,588,Jolanda te Lindert
slark,De geheimen van het winterhuis,2020,Dutch,De Fontein,Utrecht,The Netherlands ,,Fiction (Novel),y,447,Jolanda te Lindert
slark,Die Insel der roten Mangroven : Roman,2012,German,Lübbe,Köln,Germany,,Fiction (Novel),y,668,
slark,La olas del destino,2013,Spanish,Ediciones B,Barcelona,Spain ,,Fiction (Novel),y,612,Susana Andrés
slark,A voros mangrovefak,2013,Hungarian,General Press,Budapest,Hungry ,budapest_hungary,Fiction (Novel),y,630,Karoly B Szabo
slark,Les onades del destí,2013,Catalan,Ediciones B,Barcelona,Spain ,,Fiction (Novel),y,607,Emma García Carbassa
slark,Lazurnye berega : roman,2014,Russian,Klub Semeĭnogo Dosuga,Belgorod,Russia,,Fiction (Novel),y,604,Ivan Nemichev
slark,Island of the Red Mangroves,2015,English,Köln Bastei Entertainment,Köln,Germany,,Fiction (Novel),n,,Sharmila Cohen
slark,Ostrov rudých mangrovníků,2018,Czech,Euromedia Group,Praha,Czech Republic,,Fiction (Novel),y,527,Dagmar Hoangová
slark,L'île de la mangrove rouge : [roman],2020,French ,Editions de L'Archipel,Paris,France,paris_fr_france,Fiction (Novel),y,549,Jean-Marie Argelès
slark,Die Zeit der Feuerblüten : Roman,2013,German,Lübbe,Köln,Germany,,Fiction (Novel),y,908,
slark,L'estació de les flors enceses,2015,Catalan,Ediciones B,Barcelona,Spain ,,Fiction (Novel),y,854,Emma García Carbassa
slark,La estación de las flores en llamas,2015,Spanish,Ediciones B,Barcelona,Spain ,,Fiction (Novel),y,832,Susana Andrés
slark,The fire blossom,2019,English,Amazon Crossing,"Seattle, WA",United States,seattle_wa_united¬†states,Fiction (Novel),n,591,Kate Northrop
slark,Fleurs de feu,2021,French ,Editions de L'Archipel,Paris,France,paris_fr_france,Fiction (Novel),y,600,Jean-Marie Argelès
slark,Czas ognistych kwiatów,2019,Polish,Wydawnictwo Sonia Draga,Katowice,Poland ,,Fiction (Novel),y,863, Anna Makowiecka-Siudut; Wydawnictwo Sonia Draga.
slark,De legende van de vuurberg,2019,Dutch,De Fontein,Utrecht,The Netherlands ,,Fiction (Novel),y,654,Jolanda te Lindert
slark,De zang van de hoornschelp,2018,Dutch,De Fontein,Utrecht,The Netherlands ,,Fiction (Novel),y,718,Jolanda te Lindert
slark,Call of the Kiwi,2014,English,Amazon Crossing,"Seattle, WA",United States,seattle_wa_united¬†states,Fiction (Novel),n,477,D W Lovett
slark,De tijd van de vuurbloemen,2018,Dutch,De Fontein,Utrecht,The Netherlands ,,Fiction (Novel),y,715,Jolanda te Lindert
slark,Het eiland van duizend bronnen,2021,Dutch,De Fontein,Utrecht,The Netherlands ,,Fiction (Novel),y,543,Jolanda te Lindert
slark,Im Land der weissen Wolke : Roman,2007,German,Lübbe,Köln,Germany,,Fiction (Novel),y,582,
slark,În țara norului alb,2010,Romanian,RAO,București,Romania,bucuresti_romania,Fiction (Novel),y,698,
slark,Nella terra della nuvola bianca,2012,Italian,Sonzogno,Milano,Italy ,milano_italy,Fiction (Novel),y,511,
slark,"Den lange, hvite skyens land",2013,Norwegian,Oslo Bazar ,Oslo,Norway,oslo_norway,Fiction (Novel),y,717,Ute Neumann
slark,Al país del núvol blanc,2013,Catalan,Barcelona Ediciones,Barcelona,Spain ,,Fiction (Novel),y,734,Federico Vázquez-Fournier
slark,U zemlji belog oblaka,2013,Serbian,Laguna,Beograd,Serbia,beograd;_alnari_serbia,Fiction (Novel),y,717,Dušica Milojković
slark,No país da nuvem branca até onde precisamos de ir para encontrarmos o nosso destino?,2014,Portuguese,Barcarena Marcador,Palmeiras,Portugal ,,Fiction (Novel),y,681,Ana Mendes Lopes
slark,Le pays du nuage blanc : [roman],2014,French ,Editions de L'Archipel,Paris,France,paris_fr_france,Fiction (Novel),y,754,Jean-Marie Argelès
slark,W krainie białych obłoków,2021,Polish,Wydawnictwo Sonia Draga,Katowice,Poland,,Fiction (Novel),y,614, Anna Makowiecka-Siudut; Wydawnictwo Sonia Draga.
slark,Der Klang des Muschelhorns,2018,German,Lübbe,Köln,Germany,,Fiction (Novel),y,900,
slark,A kagylokurt hangja,2015,Hungarian,General Press,Budapest,Hungry ,budapest_hungary,Fiction (Novel),y,730,Lajos Szalai
slark,El rumor de la caracola,2016,Spanish,Ediciones B,Barcelona,Spain ,,Fiction (Novel),y,856,Susana Andrés 
slark,La remor del cargol de mar,2016,Catalan,Ediciones B,Barcelona,Spain ,,Fiction (Novel),y,872,Emma García Carbassa
slark,De zang van de hoornschelp,2018,Dutch ,De Fontein,Utrecht,The Netherlands ,,Fiction (Novel),y,718,Jolanda te Lindert
slark,Dźwięk rogu w kształcie muszli,2019,Polish ,Wydawnictwo Sonia Draga,Katowice,Poland ,,Fiction (Novel),y,883,Anna Makowiecka-Siudut
slark,Fires of change,2020,English,Amazon Crossing,"Seattle, WA",United States,seattle_wa_united¬†states,Fiction (Novel),y,606,Kate Northrop
slark,Im Schatten des Kauribaums : Roman,2010,German,Lübbe,Köln,Germany,,Fiction (Novel),y,846,
slark,L'ombra de l'arbre kauri,2014,Catalan,Ediciones B,Barcelona,Spain ,,Fiction (Novel),y,804,Emma García Carbassa
slark,Niewolnica,2015,Polish,Wydawnictwo Sonia Draga,Katowice,Poland,,Fiction (Novel),y,158, Anna Makowiecka-Siudut; Wydawnictwo Sonia Draga.
slark,A la sombra del árbol Kauri,2016,Spanish,Ediciones B,Barcelona,Spain ,,Fiction (Novel),y,806,Susana Andrés
slark,À l'ombre de l'arbre Kauri : roman,2017,French ,Editions de L'Archipel,Paris,France,paris_fr_france,Fiction (Novel),y,651,
slark,De schaduw van de kauri-boom,2016,Dutch,De Fontein,Utrecht,The Netherlands ,,Fiction (Novel),y,639,
slark,Die Insel der tausend Quellen : Roman,2011,German,Lübbe,Köln,Germany,,Fiction (Novel),y,699,
slark,La isla de las mil fuentes,2013,Spanish,Barcelona Círculo de Lectores imp,Barcelona,Spain ,,Fiction (Novel),y,639,Susana Andrés
slark,Az ezer forras szigete,2013,Hungarian,General Press,Budapest ,Hungry ,budapest_hungary,Fiction (Novel),y,684,Karoly B Szabo
slark,L' illa de les mil fonts,2013,Catalan,Ediciones B,Barcelona,Spain ,,Fiction (Novel),y,654,Emma García Carbassa
slark,Emma García Carbassa,2018,French ,Éditions France loisirs,Paris,France,paris_fr_france,Fiction (Novel),y,587,Penny Lewis
slark,Ostrov tisíce pramenů,2018,Czech,Euromedia Group,Praha,Czech Republic,,Fiction (Novel),y,574,Dagmar Hoangová
slark,Dochter van de mangroven,2014,Dutch ,De Fontein,Utrecht,The Netherlands ,,Nonfiction Book,y,511,Jolanda te Lindert
slark,Het land van belofte,2012,Dutch ,De Fontein,Utrecht,The Netherlands ,,Fiction (Novel),y,606,