Sebastian Clarke,sclarke,trinidad_&_tobago,,,,,,,,,
authorid,Title,Pubdate,Language,Publisher,City,Country,Pub_id,Genre,Translation,Length,Descriptor
sclarke,Jah Music: The Evolution of the Popular Jamaican Son,1980,English,Heinemann Educational Books,Portsmouth,New Hampshire ,portsmouth_nh_united_states,Nonfiction Book,n,216,
sclarke,New Planet: Anthology of Modern Caribbean Writing,1978,English,"Karnak House, Caribbean Cultural International",London,England,london_ldn_england,Anthology,n,94,
sclarke,The Colonial Legacy in Caribbean Literature,1987,English,"Karnak House, Caribbean Cultural International",London,England,london_ldn_england,Nonfiction Book,n,128,
sclarke,"Colonialism & the Destruction of the Mind: Psychosocial Issues of Race, Religion, & Sexuality in the Novels of Roy Heath ",1997,English,"Karnak House, Caribbean Cultural International",London,England,london_ldn_england,Nonfiction Book,n,191,
sclarke,The African Origin of the Major World Religions,1991,English,"Karnak House, Caribbean Cultural International",London,England,london_ldn_england,Nonfiction Book,n,120,
sclarke,Sun Song,1973,English,Paul Breman Ltd,London,England,london_ldn_england,Poetry Collection,n,24,
sclarke,Tones & Colours,1985,English,"Karnak House, Caribbean Cultural International",London,England,london_ldn_england,Poetry Collection,n,216,
sclarke,Djehuty/Hermes: Foundational Philosopher In The Italian Renaissance,2020,English,"Karnak House, Caribbean Cultural International",London,England,london_ldn_england,Fiction,n,160,